docid	diff	firstpub	author	title
mdp.39015002609116_2	-0.459151722217	1961	Uris, Leon	Mila 18.
osu.32435063455158_1	0.988868855924	1961	Kane, Frank	Frank Kane's Stacked deck.
inu.32000009177983_1	-0.396173855523	1954	English, Isobel	The key that rusts.
uc1.$b799823_0	1.19856878659	1946	Hough, Donald	The camelephamoose | $c: [by] Donald Hough.
mdp.39015002288721_1	0.0987171347329	1951	Asimov, Isaac	The stars, like dust.
mdp.39015005754794	-0.298641619149	1944	Bulosan, Carlos	The laughter of my father, | $c: by Carlos Bulosan.
osu.32435053573192	-0.557030338858	1950	Fischer, Leonard	Let out the beast
mdp.39015003472407_0	0.11570144492	1956	Auchincloss, Louis	The great world and Timothy Colt.
uc1.$b103191_0	-0.476463752873	1952	Montague, Kate Bigelow	Send the wise wind.
uc1.b4931266_0	0.535032439302	1966	Laumer, Keith	Earthblood | $c: by Keith Laumer and Rosel George Brown.
pst.000005340262_1	-0.193605525116	1968	Kizerman, Rudolph	Stand up in the world.
mdp.39015008828157_0	-1.47442029984	1950	Vance, Jack	The dying earth
mdp.39015030710662_1	0.617091243427	1969	Pohl, Frederik	The age of the pussyfoot.
mdp.39076000903760_1	0.850221928425	1965	nan	Nebula award stories
mdp.39015010524505_1	0.272116744075	1967	Wallach, Erica Glaser	Light at midnight | $c: [by] Erica Wallach.
mdp.39015052467530_1	0.141525230692	1969	Le Guin, Ursula K	The left hand of darkness
mdp.39015000957574_1	0.323031245022	1952	Asimov, Isaac	Foundation and empire.
mdp.39076000903745_1	0.619786969407	1965	nan	Nebula award stories
mdp.39015008199468_1	0.260107128104	1969	Anderson, Poul	Satan's world.
mdp.39015030708112_0	0.0747142465912	1961	O'Hara, John	Assembly / | $c: John O'Hara.
mdp.39015016440870_0	-0.115133013055	1965	Haldeman, Charles	The snowman.
uc1.$b100790_1	-0.147290903897	1954	Harwood, Alice	The strangeling, | a Victorian novel.
uc1.b3435509_1	0.20868009773	1962	Christopher, John	The world in winter
uc1.$b785374_1	-0.583240233452	1967	Joseph, M. K	The hole in the zero:
uc1.$b808873_0	0.113826409957	1964	Piper, Evelyn	The nanny | $c: [by] Evelyn Piper [pseud.
pst.000001681314_0	-0.819010348424	1950	Sutcliff, Rosemary	The Chronicles of Robin Hood / | $c: Illustrated by C. Walter Hodges.
mdp.39015004760586_2	0.207573715377	1945	Wollheim, Donald A	The portable novels of science,
pst.000003806074_1	0.419001102247	1953	Mills, Robert P	The worlds of science fiction.
uc1.$b601378_0	0.642532086653	1947	Haines, William Wister	Command decision, | $c: by William Wister Haines ...
mdp.39015021919876_1	0.338462905094	1960	Hartley, L. P. (Leslie Poles)	Facial justice.
mdp.39015056814455_0	-0.204063521592	1955	nan	A decade of Fantasy and science fiction
mdp.49015001323824_3	0.50604949991	1950	Asimov, Isaac	The complete stories of Asimov
pst.000021946516_0	0.164555898297	1966	Dick, Philip K	We can remember it for you wholesale
osu.32435063455158_0	1.26695707564	1961	Kane, Frank	Frank Kane's Stacked deck.
uc1.32106001965562_0	0.0621733009934	1964	Allingham, Margery	Police at the funeral.
osu.32435064818578_0	-0.321637337706	1946	Dern, Peggy	Heart's home / | $c: by Peggy Dern.
uc1.32106001693032_1	0.0443297681039	1952	nan	The Astounding science fiction anthology, | $c: selected and with an introduction by John W. Campbell, jr.
uc1.b3473021_1	0.208487698241	1969	Harrison, Harry	Best SF: 1968. | $c: Edited by Harry Harrison and Brian W. Aldiss.
mdp.39015014165461_0	0.0627569009721	1948	nan	A treasury of science fiction
uc1.b4101908_1	-0.221101098308	1943	Estes, Eleanor	Rufus M.
mdp.39015053607191_1	-0.733178923219	1967	Morris, Edita	Dear me, | and other tales from my native Sweden.
mdp.39015014165461_2	-0.0245343360544	1948	nan	A treasury of science fiction
mdp.39015046832849_1	1.13571517243	1954	Pangborn, Edgar	A mirror for observers.
uc1.$b795583_0	-0.586422867153	1944	Roberts, Cecil	So immortal a flower / | $c: Cecil Roberts.
mdp.39076005189357_2	0.768208659135	1949	Boucher, Anthony	A treasury of great science fiction; | $c: edited by Anthony Boucher [pseud.
uc1.$b102273_0	-0.31777291023	1944	Gellhorn, Martha	Liana
uc1.32106015121020_0	0.833703608183	1952	Sturgeon, Theodore	The complete stories of Theodore Sturgeon
mdp.39015002750696_0	0.104501984307	1961	Roth, Arthur J	The shame of our wounds.
mdp.39015031231569_0	-0.178172574373	1941	Delafield, E. M	No one now will know, | $c: by E. M. Delafield [pseud.]
mdp.39015061465624_1	-0.744804885393	1946	nan	Famous fantastic mysteries : | 30 great tales of fantasy and horror from the classic pulp magazines Famous fantastic mysteries & Fantastic novels
uc1.$b103269_1	-0.145121760973	1957	Winsor, Kathleen	America, with love.
pst.000006181741	-0.120058945311	1950	Taylor, Peter	A young woman of means.
uc1.b3117335_1	-0.285704022544	1962	Caillou, Alan	Field of women | $c: [by] Alan Caillow [pseud.
pst.000026522340_1	0.207932906425	1948	Van Vogt, A. E. (Alfred Elton)	The players of Null-A
mdp.39015069234717_2	0.13451672794	1965	Dick, Philip K	Four novels of the 1960s
pst.000029136407_1	0.349635184526	1959	Vonnegut, Kurt	The sirens of Titan.
uc1.$b244727_0	-0.153000624473	1946	Lofts, Norah	To see a fine lady / | $c: Norah Lofts.
pst.000029279036_2	0.410834730243	1941	nan	Three famous murder novels : | complete and unabridged / | $c: Selected, and with an introd. by Bennett A. Cerf.
mdp.39076005189357_0	-0.692044085609	1949	Boucher, Anthony	A treasury of great science fiction; | $c: edited by Anthony Boucher [pseud.
mdp.39015016414578_1	0.986674954975	1956	Marsten, Richard	The spiked heel.
mdp.39015030708112_2	0.178805059508	1961	O'Hara, John	Assembly / | $c: John O'Hara.
inu.30000061597831_2	0.0561527522031	1959	Bradbury, Ray	Twice twenty-two
uc1.$b244812_0	-0.360068123048	1951	Shohet, Jacqueline	Jacob's ladder.
mdp.39015014165461_1	0.317999850816	1948	nan	A treasury of science fiction
mdp.39015066677249_0	-0.371388092809	1957	Montherlant, Henry de	Desert love.
mdp.39015009199327_2	0.0084735556481	1949	Stewart, George R	Earth abides
pst.000063368413_1	-1.04412920091	1953	Pettit, Paul	The Spaniard.
osu.32435053311874_0	-0.132671116911	1962	Harrison, Harry	Planet of the damned
uc1.$b73564_2	-0.570319682379	1940	Hoellering, Franz	The defenders / | $c: by Franz Hoellering ; translated from the German by Ludwig Lewisohn.
pst.000003806074_0	0.323572730979	1953	Mills, Robert P	The worlds of science fiction.
inu.32000009177983_0	-1.08070346757	1954	English, Isobel	The key that rusts.
uc1.b4082361_1	1.09416263869	1957	White, T. H	The master : | an adventure story
mdp.39015035610966	0.150087000593	1969	nan	Fragrant flowers: a literary collection from some Sahitya Akademi award winners; | authors' own selection.
uc1.$b102763_0	0.220772533079	1950	Gragg, Frances	Golden Valley : | a novel of California / | $c: by Frances Gragg and George Palmer Putnam.
inu.39000002826803_2	0.171570200375	1952	Bleiler, Everett Franklin	Imagination unlimited, | science-fiction and science, | $c: edited by Everett F. Bleiler and T. E. Dikty.
uc1.b4094525_0	0.0393117772202	1950	Heinlein, Robert A. (Robert Anson)	The man who sold the moon ; | Harriman and the escape from Earth to the Moon!
uc1.$b98779	-0.32030081933	1942	Pressburger, Emeric	One of our aircraft is missing, | $c: by Emeric Pressburger.
mdp.39015066050850_1	0.462217935783	1952	Vonnegut, Kurt	Player piano.
osu.32435057544645_0	-0.217291963198	1958	Sutton, Jeff	First on the moon
mdp.39015002201559_0	0.508727623543	1941	Allingham, Margery	Traitor's purse.
uc1.$b87329_1	-0.00201126679172	1947	Franklin, Miles	All that swagger, | $c: by Miles Franklin.
pst.000032467581_2	0.0801284253499	1941	White, Patrick	The living and the dead / | $c: Patrick White.
mdp.39015010684630	-0.300278676977	1961	Silone, Ignazio	The fox and the camellias.
inu.30000092015605_2	-0.426818117476	1967	Hamalian, Leo	Seven Russian short novel masterpieces, | $c: edited, with notes and introd., by Leo Hamalian and Vera Von Wiren-Garczynski.
uc1.$b285096_0	0.224403047138	1963	Maugham, W. Somerset (William Somerset)	Husbands and wives : | nine stories / | $c: by W. Somerset Maugham ; selected and with an introd. by Richard A. Cordell.
uc1.b2849235_1	-0.200433593703	1968	Tenn, William	Of men and monsters | $c: [by] William Tenn.
mdp.39015005896660_1	0.484138500177	1960	Pohl, Frederik	Star of stars.
uc1.b3346772_0	0.62424952164	1966	Benchley, Nathaniel	The monument; | a satiric novel.
mdp.39015066619159_1	-0.445316415152	1967	Ongaro, Alberto	Excelsior; | $c: translated from the Italian by Giles Cremonesi.
mdp.39015002201559_1	-0.675033874199	1941	Allingham, Margery	Traitor's purse.
pst.000029136407_0	0.793275620584	1959	Vonnegut, Kurt	The sirens of Titan.
pst.000024653916_1	1.2302152453	1952	Heinlein, Robert A. (Robert Anson)	The rolling stones
uc1.$b103926_0	-0.117868354993	1956	Huntington, Gladys Parish	Madame Solario; | [a novel]
uc1.$b87002_0	-0.549255893492	1943	Buck, Pearl S. (Pearl Sydenstricker)	The promise, | $c: by Pearl S. Buck.
mdp.39015013281632_0	-0.142299272386	1953	Tracy, Don	Crimson is the Eastern Shore.
uc1.b3132896_2	-0.459270091055	1942	Speare, Morris Edmund	World's great short stories; | masterpieces of American, English and continental literature, | $c: edited, with an introduction, by M.E. Speare ...
mdp.39015066050850_0	0.77431293756	1952	Vonnegut, Kurt	Player piano.
uc1.$b808873_1	0.244078544468	1964	Piper, Evelyn	The nanny | $c: [by] Evelyn Piper [pseud.
osu.32435064823644_0	0.191971540201	1953	Gotshall, Jack	Pappy and the promised land / | $c: by Jack Gotshall.
uc1.b3545502_0	-0.272113893096	1954	Merril, Judith	Beyond the barriers of space and time.
mdp.39015069174269_2	0.0429032748622	1949	Sturgeon, Theodore	The complete stories of Theodore Sturgeon
pst.000044217853_1	0.444045949893	1962	Burgess, Anthony	A clockwork orange
pst.000032564310_0	-0.190561269731	1954	Clarke, Arthur C. (Arthur Charles)	Prelude to space
uc1.$b101689_0	0.398763390807	1953	Edwards, Charlotte	The right place for love / | $c: by Charlotte Edwards.
mdp.39015064833190_1	-0.194303916149	1945	MacLennan, Hugh	Two solitudes, | $c: by Hugh MacLennan.
mdp.39015016466511	-0.140053462429	1964	Aldiss, Brian Wilson	The dark light-years
osu.32435063296008_1	1.11351917431	1942	Boucher, Anthony	Rocket to the morgue 
mdp.39015006398542_1	0.595053304577	1946	Donovan, Frank Pierce	Headlights and markers; | an anthology of railroad stories, | $c: edited by Frank P. Donovan, jr., and Robert Selph Henry. New York, Creative age press, inc. _1946_
inu.30000005092410_0	0.0962655131352	1950	Asimov, Isaac	I, Robot.
mdp.39015016445929_0	-0.101017659396	1956	Chase, Ilka	The island players.
uc1.32106002091640_1	0.485565206594	1953	Bradbury, Ray	The golden apples of the sun. | $c: Drawings by Joe Mugnaini.
uc1.b3295175_0	-0.107446601203	1951	Singh, Huthi	Maura / | $c: Huthi Singh ; with an introduction by E. M. Forster.
mdp.39076000903745_0	-0.15342797881	1965	nan	Nebula award stories
inu.30000029816976_1	-0.206764397844	1962	Dick, Philip K	The collected stories of Philip K. Dick
mdp.39015014135514_1	0.324186895828	1964	Morrieson, Ronald Hugh	Came a hot Friday.
mdp.39015005749158_1	-0.432397871724	1959	Norton, Andre	Galactic derelict, | $c: by Andre Norton.
uc1.$b312714_0	0.268676334408	1947	Tyre, Nedra	Red wine first.
mdp.39015010450529_0	0.884941434914	1966	Heinlein, Robert A. (Robert Anson)	The moon is a harsh mistress
mdp.39015014862505_1	0.990849045282	1968	Yglesias, Jose	An orderly life.
uc1.32106002091640_0	-0.267063189367	1953	Bradbury, Ray	The golden apples of the sun. | $c: Drawings by Joe Mugnaini.
mdp.39015065331327_1	0.183827987127	1954	Zakrutkin, Vitaliĭ	Floating stanitsa. | $c: [Translated from the Russian by Bernard Isaacs]
mdp.39015050556565_3	-0.102491754284	1965	Hersey, John	White lotus | $c: [by] John Hersey.
mdp.39015035335044_0	0.79297681926	1966	Wheelis, Allen	The illusionless man; | fantasies and meditations.
mdp.39015014506805_0	0.466187028842	1953	Sturgeon, Theodore	More than human, | $c: by Theodore Sturgeon.
uc1.b3346772_1	0.330598455308	1966	Benchley, Nathaniel	The monument; | a satiric novel.
mdp.39015064833190_2	0.0373519031445	1945	MacLennan, Hugh	Two solitudes, | $c: by Hugh MacLennan.
mdp.39015030704863_1	-0.733295207865	1944	Mann, Leonard	Flesh in armour; | a novel, | $c: by Leonard Mann.
mdp.39015030701356	-1.35449577721	1965	Derleth, August	The adventure of the Orient Express / | $c: by August Derleth ; with illustrations by Henry Lauritzen.
mdp.39015064833190_0	0.103818655252	1945	MacLennan, Hugh	Two solitudes, | $c: by Hugh MacLennan.
mdp.39015069174269_1	-0.0723463249032	1949	Sturgeon, Theodore	The complete stories of Theodore Sturgeon
uc1.$b312023_0	0.506787772246	1952	Romains, Jules	Tussles with time. | $c: Translated by Gerard Hopkins.
mdp.39015030718657_2	0.749473489307	1955	Sturgeon, Theodore	A way home, stories of science fiction and fantasy | $c: [by] Theodore Sturgeon. Selected and with an introd. by Groff Conklin.
mdp.39015050556565_2	-0.58398924003	1965	Hersey, John	White lotus | $c: [by] John Hersey.
mdp.39015066677249_1	-0.429513471563	1957	Montherlant, Henry de	Desert love.
uc1.b2838670_0	-0.473343011066	1969	Clement, Hal	Small changes
mdp.39015003922005_0	0.807902149537	1961	Heinlein, Robert A. (Robert Anson)	Stranger in a strange land.
mdp.39015002189283_1	-1.966137411	1955	Golding, William	Lord of the flies, | a novel.
mdp.39076005189357_1	0.162082924672	1949	Boucher, Anthony	A treasury of great science fiction; | $c: edited by Anthony Boucher [pseud.
mdp.39015016446950	0.209296279937	1968	Cooper, Edmund	Five to twelve.
uc1.$b348189_1	-0.22391318401	1946	Conklin, Groff	The best of science fiction, | $c: edited with an introduction by Groff Conklin. Preface by John W. Campbell, jr.
mdp.39015008724802_2	0.49805999518	1967	Merril, Judith	SF; the best of the best.
mdp.39015061465624_2	-0.740224699131	1946	nan	Famous fantastic mysteries : | 30 great tales of fantasy and horror from the classic pulp magazines Famous fantastic mysteries & Fantastic novels
uc1.b4931266_1	0.0305732115695	1966	Laumer, Keith	Earthblood | $c: by Keith Laumer and Rosel George Brown.
mdp.39015009199327_0	-0.723943419242	1949	Stewart, George R	Earth abides
inu.30000061597831_0	-0.232245694622	1959	Bradbury, Ray	Twice twenty-two
mdp.39015005888147_2	0.0223772137572	1969	Pohl, Frederik	The Starchild trilogy
pst.000000187442	-0.259010521597	1953	Clarke, Arthur C. (Arthur Charles)	Against the fall of night.
uc1.$b112707_0	-0.0145568698085	1944	Landis, Carole	Four Jills in a jeep, | $c: by Carole Landis, illustrated by Lily Cushing.
uc1.b4562654_1	-0.283113979646	1946	Healy, Raymond J	Adventures in time and space, | an anthology of modern science-fiction stories, | $c: edited by Raymond J. Healy and J. Francis McComas.
uc1.$b244812_1	-0.151381184643	1951	Shohet, Jacqueline	Jacob's ladder.
mdp.39015003498436_2	0.749266936063	1965	nan	The Magazine of fantasy and science fiction : | a 30-year retrospective
mdp.39015014862505_0	0.0427248197995	1968	Yglesias, Jose	An orderly life.
mdp.49015001037275_1	0.167070541267	1952	Asimov, Isaac	Foundation and empire
uc1.$b101738_1	-0.486485643825	1957	Mantley, John	The 27th day.
uc1.$b103926_1	-0.143379318047	1956	Huntington, Gladys Parish	Madame Solario; | [a novel]
mdp.39015014136587_0	-0.00344266603682	1956	Pohl, Frederik	Undersea fleet
pst.000031216067_0	0.0182251878565	1958	Farmer, Philip Jos̩	The classic Philip Jos̩ Farmer, 1952-1964
uc1.b4094480_0	-0.0574456840528	1957	Wyndham, John	The Midwich cuckoos, | $c: by John Wyndham.
uc1.$b785392_0	-0.325194059023	1960	Astley, Thea	A descant for gossips, | a novel.
mdp.39015029191478_1	-0.0697482627243	1957	Silverberg, Robert	The collected stories of Robert Silverberg.
pst.000044217853_0	-0.425086999432	1962	Burgess, Anthony	A clockwork orange
mdp.39015029412296_1	0.0259987555936	1969	nan	The best SF stories from New Worlds,#2.
uc1.b3810942_1	-1.41055306705	1957	Cloete, Stuart	The mask.
mdp.39015016454616_2	0.0437989286372	1959	Bonner, Paul	The art of Llewellyn Jones.
uc1.32106015120998_1	1.11909729577	1956	Sturgeon, Theodore	The complete stories of Theodore Sturgeon
mdp.39015002288721_0	-0.0536537192791	1951	Asimov, Isaac	The stars, like dust.
uc1.$b87329_0	-0.428546912826	1947	Franklin, Miles	All that swagger, | $c: by Miles Franklin.
pst.000021946516_1	-0.0484009805492	1966	Dick, Philip K	We can remember it for you wholesale
uc1.$b391245_0	0.126938449769	1968	Bharucha, Perin	The fire worshippers.
mdp.39015002756883_1	0.359355776076	1953	Saroyan, William	The laughing matter : | a novel / | $c: by William Saroyan.
pst.000029279036_3	-1.38774284333	1941	nan	Three famous murder novels : | complete and unabridged / | $c: Selected, and with an introd. by Bennett A. Cerf.
mdp.39015009199327_1	-0.0217883539228	1949	Stewart, George R	Earth abides
mdp.39015016454616_1	-0.0538269415187	1959	Bonner, Paul	The art of Llewellyn Jones.
mdp.39015006398542_0	0.420538559181	1946	Donovan, Frank Pierce	Headlights and markers; | an anthology of railroad stories, | $c: edited by Frank P. Donovan, jr., and Robert Selph Henry. New York, Creative age press, inc. _1946_
osu.32435064823644_1	0.102389185571	1953	Gotshall, Jack	Pappy and the promised land / | $c: by Jack Gotshall.
osu.32435053306007_1	0.994241926526	1963	Brown, Rosel George	A handful of time
mdp.39015038917210	0.763437766475	1952	Slobodkin, Louis	The space ship under the apple tree
wu.89070951728_1	-0.530194885053	1942	Woods, William Howard	The edge of darkness, | $c: by William Woods.
uc1.b3132896_0	-0.0987427536882	1942	Speare, Morris Edmund	World's great short stories; | masterpieces of American, English and continental literature, | $c: edited, with an introduction, by M.E. Speare ...
uc1.$b285096_1	-0.0748788390895	1963	Maugham, W. Somerset (William Somerset)	Husbands and wives : | nine stories / | $c: by W. Somerset Maugham ; selected and with an introd. by Richard A. Cordell.
mdp.39015030931284_1	-0.160059973591	1949	Derleth, August William	The other side of the moon. | [Stories]
mdp.39015005888147_1	-0.0744399267093	1969	Pohl, Frederik	The Starchild trilogy
inu.30000092015605_0	-0.235766007977	1967	Hamalian, Leo	Seven Russian short novel masterpieces, | $c: edited, with notes and introd., by Leo Hamalian and Vera Von Wiren-Garczynski.
osu.32435000716878_2	-0.56384011104	1940	Hichens, Robert (Robert Smythe)	That which is hidden, | a novel.
mdp.39015030846771_0	-0.400396538355	1969	Bowen, Elizabeth	Ann Lee's: | & other stories.
mdp.39076000903778_0	0.149109817164	1965	nan	Nebula award stories
mdp.39015010321076_0	-0.615130023893	1967	Davies, L. P. (Leslie Purnell)	Psychogeist | $c: [by] L. P. Davies.
mdp.39015001153728_0	-0.189963184783	1942	Faulkner, William	Go down, Moses, | and other stories, | $c: by William Faulkner.
mdp.39015030699121_0	0.900234275079	1950	Rich, Louise Dickinson	My neck of the woods.
mdp.39015008199468_0	-0.0555068058799	1969	Anderson, Poul	Satan's world.
mdp.39015067116254_1	-0.0550627006366	1941	Buck, Frank	All in a lifetime, | $c: by Frank Buck, with Ferrin Fraser.
uc1.$b299909_1	0.106285627622	1945	Cunningham, Albert Benjamin	Death visits the apple hole.
uc1.$b81528_1	-0.170605912725	1960	Morris, Wright	Ceremony in Lone Tree.
osu.32435053363990_0	-0.387632970464	1960	Leinster, Murray	The aliens
mdp.39015027552358_0	-0.556965731984	1968	Greenleaf, Margery	Banner over me; | a tale of the Norman Conquest. | $c: Illustrated by Charles Mikolaycak.
uc1.$b299909_0	0.264258570221	1945	Cunningham, Albert Benjamin	Death visits the apple hole.
mdp.39076000903760_0	-0.233482209066	1965	nan	Nebula award stories
mdp.39015016454616_0	0.206525950849	1959	Bonner, Paul	The art of Llewellyn Jones.
mdp.39015005753077_0	0.838827920633	1965	Amis, Kingsley	The Egyptologists; | a novel, | $c: by Kingsley Amis and Robert Conquest.
mdp.39015001153728_1	-0.253503722512	1942	Faulkner, William	Go down, Moses, | and other stories, | $c: by William Faulkner.
uc1.b3435509_0	0.443124027661	1962	Christopher, John	The world in winter
mdp.39015014137973_0	0.0154377525227	1968	Leiber, Fritz	Gather, darkness!
inu.30000029816976_2	0.231779804352	1962	Dick, Philip K	The collected stories of Philip K. Dick
mdp.39015003498436_0	0.993028461983	1965	nan	The Magazine of fantasy and science fiction : | a 30-year retrospective
uc1.b3473021_0	0.175382912738	1969	Harrison, Harry	Best SF: 1968. | $c: Edited by Harry Harrison and Brian W. Aldiss.
uc1.$b87002_1	-0.641936434687	1943	Buck, Pearl S. (Pearl Sydenstricker)	The promise, | $c: by Pearl S. Buck.
uc1.b3541070_0	0.047627623888	1946	Conklin, Groff	The best of science fiction, | $c: edited with an introduction by Groff Conklin. Preface by John W. Campbell, jr.
uc1.$b105503_0	-0.640789389407	1959	Slaughter, Frank G. (Frank Gill)	The thorn of Arimathea.
mdp.39015062064459_1	0.155166173361	1959	Hoyle, Fred, Sir	Ossian's ride.
mdp.39015030945789_1	0.318604060548	1957	Anderson, Poul	Earthman's burden
pst.000058048559_1	0.452773488263	1949	Heinlein, Robert A. (Robert Anson)	The day after tomorrow
osu.32435064818578_1	-0.0764719199998	1946	Dern, Peggy	Heart's home / | $c: by Peggy Dern.
uc1.32106002114343_0	0.934493977052	1964	Heinlein, Robert A. (Robert Anson)	Farnham's freehold; | $c: a novel by Robert A. Heinlein.
mdp.39015029191478_2	0.00447767074856	1957	Silverberg, Robert	The collected stories of Robert Silverberg.
mdp.49015001037275_0	-0.0136963474207	1952	Asimov, Isaac	Foundation and empire
uc1.b4382620_1	-0.486187049227	1945	Hecht, Ben	The collected stories of Ben Hecht, | $c: prefaced by Some introductory thoughts by the author
uc1.32106015120998_0	0.294264467013	1956	Sturgeon, Theodore	The complete stories of Theodore Sturgeon
pst.000044193720_3	0.0822847783502	1964	Ludwig, Richard M	9 short novels / | $c: edited by Richard M. Ludwig and Marvin B. Perry, Jr.
pst.000032467581_1	0.297957981419	1941	White, Patrick	The living and the dead / | $c: Patrick White.
mdp.39015010450529_2	0.278357517517	1966	Heinlein, Robert A. (Robert Anson)	The moon is a harsh mistress
mdp.39015016450234_1	0.760520647449	1965	Brunner, John	The squares of the city
osu.32435000716878_1	-0.511225841114	1940	Hichens, Robert (Robert Smythe)	That which is hidden, | a novel.
uc1.$b114431_0	-0.577419117412	1953	Scoggin, Margaret Clara	Battle stations; | true stories of men in war.
uc1.$b85988_0	-0.154504297913	1944	Best, Herbert	Young'un / | $c: by Herbert Best.
mdp.39015064103032_0	0.0594658996452	1964	nan	Things
inu.30000029816976_0	-0.254687020638	1962	Dick, Philip K	The collected stories of Philip K. Dick
osu.32435053307864_0	-0.260876336181	1953	Campbell, John W., (John Wood), Jr	The black star passes
uc1.$b348189_3	-0.156966621956	1946	Conklin, Groff	The best of science fiction, | $c: edited with an introduction by Groff Conklin. Preface by John W. Campbell, jr.
pst.000029279036_0	0.305638781411	1941	nan	Three famous murder novels : | complete and unabridged / | $c: Selected, and with an introd. by Bennett A. Cerf.
uc1.$b799823_1	1.2146884422	1946	Hough, Donald	The camelephamoose | $c: [by] Donald Hough.
mdp.39015005896660_0	0.107656965523	1960	Pohl, Frederik	Star of stars.
uc1.32106014453754_0	0.195772304118	1963	Carr, John Dickson	The men who explained miracles; | six short stories and a novelette
uc1.$b115475_1	-0.0527973841179	1966	Patterson, Samuel H	A nickel's worth of ice | $c: [by] Sam Patterson.
uc1.b3545502_1	0.14595703983	1954	Merril, Judith	Beyond the barriers of space and time.
pst.000031216067_1	-0.476034370664	1958	Farmer, Philip Jos̩	The classic Philip Jos̩ Farmer, 1952-1964
uc1.$b115475_0	-0.13012006625	1966	Patterson, Samuel H	A nickel's worth of ice | $c: [by] Sam Patterson.
mdp.39015030699121_1	0.913875121074	1950	Rich, Louise Dickinson	My neck of the woods.
mdp.39015030931284_0	-0.255003803483	1949	Derleth, August William	The other side of the moon. | [Stories]
uc1.$b242926_1	-0.550096331783	1952	Hanley, James	The closed harbor.
mdp.39015008828157_1	-0.401783377723	1950	Vance, Jack	The dying earth
uc1.$b400794_1	-0.397141870658	1954	Slonim, Marc	Modern Italian short stories.
uc1.$b100790_0	-0.27453651942	1954	Harwood, Alice	The strangeling, | a Victorian novel.
uc1.$b85988_1	-0.0315314914202	1944	Best, Herbert	Young'un / | $c: by Herbert Best.
mdp.39015069174269_0	0.548714223157	1949	Sturgeon, Theodore	The complete stories of Theodore Sturgeon
uc1.b4382620_2	-0.020094645558	1945	Hecht, Ben	The collected stories of Ben Hecht, | $c: prefaced by Some introductory thoughts by the author
uc1.$b244812_2	-0.106644137977	1951	Shohet, Jacqueline	Jacob's ladder.
mdp.39015003678128_1	0.569205220836	1963	Fuller, Edmund	The corridor.
mdp.39015016435409_1	0.194368614272	1957	Kennedy, Margaret	The heroes of Clone.
uc1.$b87329_2	-0.200406767925	1947	Franklin, Miles	All that swagger, | $c: by Miles Franklin.
mdp.39015008724802_0	1.43838051273	1967	Merril, Judith	SF; the best of the best.
uc1.$b785374_0	-0.377656101834	1967	Joseph, M. K	The hole in the zero:
osu.32435063296008_0	0.36631048689	1942	Boucher, Anthony	Rocket to the morgue 
mdp.39015005093474_1	-0.38045702869	1957	Powell, Anthony	At Lady Molly's.
uc1.$b601378_1	0.00733368055977	1947	Haines, William Wister	Command decision, | $c: by William Wister Haines ...
mdp.39015003472407_1	0.164033661562	1956	Auchincloss, Louis	The great world and Timothy Colt.
uc1.$b101738_0	-0.312793553075	1957	Mantley, John	The 27th day.
pst.000044193720_1	-0.0347482431192	1964	Ludwig, Richard M	9 short novels / | $c: edited by Richard M. Ludwig and Marvin B. Perry, Jr.
uc1.b4382620_0	0.383159983542	1945	Hecht, Ben	The collected stories of Ben Hecht, | $c: prefaced by Some introductory thoughts by the author
mdp.39015027552358_1	-1.20056221132	1968	Greenleaf, Margery	Banner over me; | a tale of the Norman Conquest. | $c: Illustrated by Charles Mikolaycak.
inu.32000014416269	-1.50484622442	1952	Salmon, E. Marling	Beyond the call of duty : | African deeds of bravery in wartime.
uc1.b4350644_0	-0.0248318277774	1966	Phillips, J. J	Mojo hand.
uc1.$b322746_0	-0.180458446822	1952	Baker, George Edward	Son of Hylas.
mdp.39015056246211_1	0.839340861781	1958	Bester, Alfred	Starburst
mdp.39015056246211_0	0.31220882189	1958	Bester, Alfred	Starburst
pst.000001681314_1	-1.02595237192	1950	Sutcliff, Rosemary	The Chronicles of Robin Hood / | $c: Illustrated by C. Walter Hodges.
uc1.$b312714_1	0.0672760779179	1947	Tyre, Nedra	Red wine first.
uc1.b3347098_0	0.409958362417	1954	Shafer, Robert Jones	The conquered place.
uc1.$b87098_0	-0.578691268144	1952	Charques, Dorothy	Men like shadows.
pst.000058048559_0	0.292729117142	1949	Heinlein, Robert A. (Robert Anson)	The day after tomorrow
mdp.39015052467530_0	0.234475653775	1969	Le Guin, Ursula K	The left hand of darkness
uc1.$b785392_1	-0.0335315016734	1960	Astley, Thea	A descant for gossips, | a novel.
uc1.b4363412_0	-0.385408990166	1969	Konwicki, Tadeusz	A dreambook for our time. | $c: Translated by David Welsh.
uc1.32106015121020_1	0.094815425721	1952	Sturgeon, Theodore	The complete stories of Theodore Sturgeon
uc1.$b119532_1	-0.511771215365	1968	Saville, Malcolm	Power of three.
uc1.b4097965_1	-0.346163929957	1953	Bowen, Robert O	Bamboo.
mdp.39015042474877_1	-0.884730413218	1966	Vance, Jack	The complete dying earth
mdp.39015005888147_0	0.135734778844	1969	Pohl, Frederik	The Starchild trilogy
mdp.39015004269125	-0.181402236538	1952	Queffélec, Henri	Island priest; | $c: translated from the French by James Whitall.
mdp.39015029191478_0	-0.154888054337	1957	Silverberg, Robert	The collected stories of Robert Silverberg.
mdp.39015067116254_0	0.313342241586	1941	Buck, Frank	All in a lifetime, | $c: by Frank Buck, with Ferrin Fraser.
uc1.31822012556585	0.0805327169179	1965	Shelnick, Thomas	Above and below, | $c: by Tom Shelnick, with Ray Cristina
uc1.b4095618_0	-0.201737051332	1963	Hoyle, Fred, Sir	Fifth planet
mdp.39015016424205_0	-0.0855326474019	1957	Mankowitz, Wolf	The Mendelman fire.
uc1.b4350644_1	-0.0262765987098	1966	Phillips, J. J	Mojo hand.
mdp.39015042474877_0	-0.667035298418	1966	Vance, Jack	The complete dying earth
mdp.49015001323824_0	0.901766968739	1950	Asimov, Isaac	The complete stories of Asimov
uc1.$b73564_0	-0.345448449776	1940	Hoellering, Franz	The defenders / | $c: by Franz Hoellering ; translated from the German by Ludwig Lewisohn.
mdp.39015008161781	-0.169935441652	1958	Anderson, Poul	War of the wing-men.
mdp.39015029502112_0	0.322003974526	1944	Huxley, Aldous	Time must have a stop
uc1.$b245068_1	-0.281630296472	1955	Van Druten, John	The vicarious years / | $c: by John Van Druten.
mdp.39015058806525_0	-0.0147202449742	1965	Schuder, Rosemarie	Witch's son / | $c: by Rosemarie Schuder ; [Translated by Joan Becker]
uc1.b4082361_0	0.205948291936	1957	White, T. H	The master : | an adventure story
uc1.b3462074_1	0.254887815968	1956	Hunter, Evan	Second ending; | $c: a novel.
uc1.$b114431_1	-0.80408154771	1953	Scoggin, Margaret Clara	Battle stations; | true stories of men in war.
pst.000024653916_0	0.805505539779	1952	Heinlein, Robert A. (Robert Anson)	The rolling stones
uc1.b2838670_1	-0.281937103291	1969	Clement, Hal	Small changes
mdp.39015069234717_1	0.633751520391	1965	Dick, Philip K	Four novels of the 1960s
inu.30000061597831_1	0.0937712036957	1959	Bradbury, Ray	Twice twenty-two
mdp.39015002609116_1	0.0784268866497	1961	Uris, Leon	Mila 18.
mdp.39015033397988_0	-0.444089484193	1946	Werfel, Franz	Star of the unborn, | $c: [by] Franz Werfel. Translated by Gustave O. Arlt.
uc1.$b102972_0	0.099812854853	1951	Hubbell, Catherine	The glittering shores, | a novel.
uc1.32106001965562_1	-0.483410014944	1964	Allingham, Margery	Police at the funeral.
uc1.b3347098_1	0.874755708108	1954	Shafer, Robert Jones	The conquered place.
uc1.b3462074_2	0.281229784035	1956	Hunter, Evan	Second ending; | $c: a novel.
mdp.39015020680917_0	0.552094502939	1963	Simak, Clifford D	Way station
mdp.39015008877378_1	-0.181906318955	1956	Linklater, Eric	The dark of summer.
mdp.39015053575299_1	0.000538135004956	1965	Simenon, Georges	The little saint. | $c: Translated from the French by Bernard Frechtman.
mdp.39015003498436_1	0.277638413737	1965	nan	The Magazine of fantasy and science fiction : | a 30-year retrospective
mdp.39015030718657_0	0.00491580016865	1955	Sturgeon, Theodore	A way home, stories of science fiction and fantasy | $c: [by] Theodore Sturgeon. Selected and with an introd. by Groff Conklin.
wu.89070951728_0	-0.798544494199	1942	Woods, William Howard	The edge of darkness, | $c: by William Woods.
mdp.39015058806400_0	-0.245089917088	1954	Lugt, Arie van der	The crazy doctor / | $c: Arie van der Lugt ; translated from the Dutch by Alfred van Ameyden van Duym.
mdp.39015069234717_0	0.351277035965	1965	Dick, Philip K	Four novels of the 1960s
mdp.39015007043006_1	1.19723260081	1942	Heinlein, Robert A. (Robert Anson)	Beyond this horizon.
mdp.39015056814455_1	1.04152428787	1955	nan	A decade of Fantasy and science fiction
uc1.$b400794_0	0.125957718245	1954	Slonim, Marc	Modern Italian short stories.
pst.000044193720_0	-0.0294605522212	1964	Ludwig, Richard M	9 short novels / | $c: edited by Richard M. Ludwig and Marvin B. Perry, Jr.
mdp.39015014136587_1	-0.284976250257	1956	Pohl, Frederik	Undersea fleet
uc1.$b129195	-0.26172266579	1955	Polevoĭ, Boris	Shores of a new sea; | short stories.
mdp.39015010524505_0	0.0212695891825	1967	Wallach, Erica Glaser	Light at midnight | $c: [by] Erica Wallach.
uc1.$b102763_1	-0.136364214409	1950	Gragg, Frances	Golden Valley : | a novel of California / | $c: by Frances Gragg and George Palmer Putnam.
uc1.$b119532_0	0.0111115472789	1968	Saville, Malcolm	Power of three.
mdp.39015002189283_0	-1.61517519214	1955	Golding, William	Lord of the flies, | a novel.
uc1.b3810942_0	-0.492438598577	1957	Cloete, Stuart	The mask.
uc1.b3117335_0	0.105247734768	1962	Caillou, Alan	Field of women | $c: [by] Alan Caillow [pseud.
mdp.39015021919876_0	0.0565253948858	1960	Hartley, L. P. (Leslie Poles)	Facial justice.
uc1.$b348189_2	-0.0306004687983	1946	Conklin, Groff	The best of science fiction, | $c: edited with an introduction by Groff Conklin. Preface by John W. Campbell, jr.
osu.32435053311874_1	-0.180587175956	1962	Harrison, Harry	Planet of the damned
uc1.b4562654_3	-0.426340581587	1946	Healy, Raymond J	Adventures in time and space, | an anthology of modern science-fiction stories, | $c: edited by Raymond J. Healy and J. Francis McComas.
mdp.49015001218248_1	-0.810209484452	1959	Wyndham, John	The chrysalids
mdp.39015073494463	0.819176893975	1969	nan	Ken Babcock's cherry.
uc1.b4095446_0	0.0570925289075	1956	Harris, John	Close to the wind.
mdp.39076000903778_1	0.545779643226	1965	nan	Nebula award stories
mdp.39015016440870_1	-0.58681034735	1965	Haldeman, Charles	The snowman.
mdp.39015007043006_0	0.221954197321	1942	Heinlein, Robert A. (Robert Anson)	Beyond this horizon.
mdp.39015042474877_2	-0.523484344643	1966	Vance, Jack	The complete dying earth
mdp.39015031231569_1	-0.0895025264222	1941	Delafield, E. M	No one now will know, | $c: by E. M. Delafield [pseud.]
uc1.b4094525_1	1.02594390801	1950	Heinlein, Robert A. (Robert Anson)	The man who sold the moon ; | Harriman and the escape from Earth to the Moon!
pst.000032467581_0	-0.441152370843	1941	White, Patrick	The living and the dead / | $c: Patrick White.
uc1.$b242926_0	-0.285713831974	1952	Hanley, James	The closed harbor.
mdp.39015064103032_1	0.0341484805795	1964	nan	Things
mdp.39015033397988_1	-0.528664273003	1946	Werfel, Franz	Star of the unborn, | $c: [by] Franz Werfel. Translated by Gustave O. Arlt.
mdp.39015018624778_0	-0.304705330739	1953	Clarke, Arthur C. (Arthur Charles)	Expedition to Earth : | eleven science-fiction stories
mdp.39015002661273_1	-0.378478108984	1960	Settle, Mary Lee	Know nothing, | a novel.
mdp.39015014506805_1	-0.0599404940293	1953	Sturgeon, Theodore	More than human, | $c: by Theodore Sturgeon.
mdp.39015061465624_0	-0.141417049448	1946	nan	Famous fantastic mysteries : | 30 great tales of fantasy and horror from the classic pulp magazines Famous fantastic mysteries & Fantastic novels
mdp.39015014137973_1	-0.272868465302	1968	Leiber, Fritz	Gather, darkness!
mdp.39015065331327_0	-0.0533151169917	1954	Zakrutkin, Vitaliĭ	Floating stanitsa. | $c: [Translated from the Russian by Bernard Isaacs]
mdp.39015002661273_0	-0.216557059084	1960	Settle, Mary Lee	Know nothing, | a novel.
uc1.b3184273_0	-0.291461494074	1948	Smith, E. E. (Edward Elmer)	Triplanetary : a tale of cosmic adventure
uc1.$b101689_1	0.56025286579	1953	Edwards, Charlotte	The right place for love / | $c: by Charlotte Edwards.
mdp.39015029502112_1	0.19373536374	1944	Huxley, Aldous	Time must have a stop
mdp.39015058806525_1	0.151479648238	1965	Schuder, Rosemarie	Witch's son / | $c: by Rosemarie Schuder ; [Translated by Joan Becker]
uc1.32106014453754_1	-0.383090965826	1963	Carr, John Dickson	The men who explained miracles; | six short stories and a novelette
mdp.39015010450529_1	0.765813649576	1966	Heinlein, Robert A. (Robert Anson)	The moon is a harsh mistress
uc1.b3541070_3	-0.127979854771	1946	Conklin, Groff	The best of science fiction, | $c: edited with an introduction by Groff Conklin. Preface by John W. Campbell, jr.
uc1.b4562654_2	-0.13199989508	1946	Healy, Raymond J	Adventures in time and space, | an anthology of modern science-fiction stories, | $c: edited by Raymond J. Healy and J. Francis McComas.
inu.39000002826803_0	-0.228120235842	1952	Bleiler, Everett Franklin	Imagination unlimited, | science-fiction and science, | $c: edited by Everett F. Bleiler and T. E. Dikty.
uc1.b3347083_0	0.167740900645	1966	Kenyon, F. W. (Frank Wilson)	The absorbing fire; | the Byron legend, | $c: by F.W. Kenyon.
mdp.39015005899052	0.222554789818	1967	Blish, James	Star trek. | Based on the exciting new NBC-TV series created by Gene Roddenberry.
mdp.39015003677203	0.469739454614	1955	Fosburgh, Hugh	The sound of white water.
mdp.39015050556565_0	-0.256898344888	1965	Hersey, John	White lotus | $c: [by] John Hersey.
mdp.39015016444526	0.0895320009068	1951	Farrell, James T. (James Thomas)	This man and this woman.
uc1.b4087579	0.324154572244	1963	Bosworth, J. Allen	A bird for Peter. | $c: Illustrated by Howard Simon.
mdp.39015014135514_0	0.71270436325	1964	Morrieson, Ronald Hugh	Came a hot Friday.
osu.32435053363990_1	-0.192093625524	1960	Leinster, Murray	The aliens
mdp.39015062064459_0	-0.751159023808	1959	Hoyle, Fred, Sir	Ossian's ride.
mdp.39015008877378_0	-0.559822866024	1956	Linklater, Eric	The dark of summer.
uc1.$b391245_1	-0.24636881016	1968	Bharucha, Perin	The fire worshippers.
pst.000032564310_1	-0.137581330815	1954	Clarke, Arthur C. (Arthur Charles)	Prelude to space
mdp.39015029750877	0.704114168751	1954	Hubbard, L. Ron (La Fayette Ron)	Return to tomorrow
uc1.32106009743425_0	0.994590042666	1949	Heinlein, Robert A. (Robert Anson)	Red planet
mdp.39015016442199_0	-0.14109442585	1959	Edwards, Edward J	Thy people, my people / | $c: E.J. Edwards
mdp.39015043799801_0	1.17617137186	1969	Blair, Clay	The board room; | a novel.
uc1.$b795583_1	-1.51949980023	1944	Roberts, Cecil	So immortal a flower / | $c: Cecil Roberts.
mdp.39015030718657_1	0.58914513547	1955	Sturgeon, Theodore	A way home, stories of science fiction and fantasy | $c: [by] Theodore Sturgeon. Selected and with an introd. by Groff Conklin.
mdp.39015066619159_0	-0.503929127423	1967	Ongaro, Alberto	Excelsior; | $c: translated from the Italian by Giles Cremonesi.
mdp.39015010524505_2	0.0402971345615	1967	Wallach, Erica Glaser	Light at midnight | $c: [by] Erica Wallach.
uc1.b3347083_1	1.00786474914	1966	Kenyon, F. W. (Frank Wilson)	The absorbing fire; | the Byron legend, | $c: by F.W. Kenyon.
uc1.$b81528_0	-0.134419394229	1960	Morris, Wright	Ceremony in Lone Tree.
mdp.39015030945789_0	-0.483154574377	1957	Anderson, Poul	Earthman's burden
uc1.b3595548	-0.912731465248	1950	Moravia, Alberto	Disobedience, | $c: [by Alberto Moravia [pseud.] Translated by Angus Davidson.
osu.32435052976644	0.0530190207382	1945	Bowen, Robert Sidney	Red Randall in Burma, | $c: by R. Sidney Bowen ..
mdp.39015000957574_0	-0.0288394480729	1952	Asimov, Isaac	Foundation and empire.
mdp.39015016414578_0	0.326758799631	1956	Marsten, Richard	The spiked heel.
mdp.39076005189357_3	-0.157592035562	1949	Boucher, Anthony	A treasury of great science fiction; | $c: edited by Anthony Boucher [pseud.
uc1.$b103926_2	-0.219219951434	1956	Huntington, Gladys Parish	Madame Solario; | [a novel]
mdp.39015003922005_2	1.35037356598	1961	Heinlein, Robert A. (Robert Anson)	Stranger in a strange land.
uc1.b4095618_1	-0.225069759184	1963	Hoyle, Fred, Sir	Fifth planet
mdp.39015069234717_3	0.548777751135	1965	Dick, Philip K	Four novels of the 1960s
mdp.49015000593328_1	0.973136824804	1957	Heinlein, Robert A. (Robert Anson)	The door into summer
uc1.$b57115_1	-0.709590696047	1940	Noyes, Alfred	No other man
uc1.b3347083_2	0.460262858105	1966	Kenyon, F. W. (Frank Wilson)	The absorbing fire; | the Byron legend, | $c: by F.W. Kenyon.
mdp.39015003922005_1	0.825762380226	1961	Heinlein, Robert A. (Robert Anson)	Stranger in a strange land.
pst.000026522340_0	-0.227157567633	1948	Van Vogt, A. E. (Alfred Elton)	The players of Null-A
uc1.$b119860_1	0.296189562993	1951	Bradbury, Ray	The illustrated man.
mdp.39015016442199_1	-0.28667609561	1959	Edwards, Edward J	Thy people, my people / | $c: E.J. Edwards
mdp.39015005093474_0	-0.352052540919	1957	Powell, Anthony	At Lady Molly's.
mdp.39015002750696_1	0.275484646745	1961	Roth, Arthur J	The shame of our wounds.
mdp.39015030704863_0	-0.927516869456	1944	Mann, Leonard	Flesh in armour; | a novel, | $c: by Leonard Mann.
mdp.39015004760586_1	-0.581415909659	1945	Wollheim, Donald A	The portable novels of science,
mdp.39015014136595	1.08497591823	1960	Pohl, Frederik	Drunkard's walk
mdp.39015016445929_1	-0.0507269043794	1956	Chase, Ilka	The island players.
mdp.39015033397988_2	-0.399754942718	1946	Werfel, Franz	Star of the unborn, | $c: [by] Franz Werfel. Translated by Gustave O. Arlt.
mdp.39015030708112_1	-0.0349284458443	1961	O'Hara, John	Assembly / | $c: John O'Hara.
uc1.$b103269_0	-0.178863344017	1957	Winsor, Kathleen	America, with love.
mdp.39015005749158_0	-0.0715014223456	1959	Norton, Andre	Galactic derelict, | $c: by Andre Norton.
uc1.$b102972_1	-0.180986462078	1951	Hubbell, Catherine	The glittering shores, | a novel.
uc1.$b87098_2	-1.23294424617	1952	Charques, Dorothy	Men like shadows.
uc1.$b73564_1	-0.307311607864	1940	Hoellering, Franz	The defenders / | $c: by Franz Hoellering ; translated from the German by Ludwig Lewisohn.
inu.30000005092410_1	0.329330564874	1950	Asimov, Isaac	I, Robot.
mdp.39015016435409_0	0.0627269020496	1957	Kennedy, Margaret	The heroes of Clone.
uc1.32106002114343_1	0.478258177675	1964	Heinlein, Robert A. (Robert Anson)	Farnham's freehold; | $c: a novel by Robert A. Heinlein.
uc1.$b87098_1	-1.38394214583	1952	Charques, Dorothy	Men like shadows.
uc1.$b348189_0	0.201574672564	1946	Conklin, Groff	The best of science fiction, | $c: edited with an introduction by Groff Conklin. Preface by John W. Campbell, jr.
mdp.49015001393561_2	-0.041725367283	1958	Silverberg, Robert	The collected stories of Robert Silverberg.
uc1.$b86033_1	0.50664962532	1946	Bond, Nelson Slade	Mr. Mergenthwirker's lobblies and other fantastic tales
mdp.39015013281632_2	0.0652382895928	1953	Tracy, Don	Crimson is the Eastern Shore.
uc1.32106014483108	1.14881196238	1958	Leiber, Fritz	The big time
mdp.39015030931284_2	-0.100379357817	1949	Derleth, August William	The other side of the moon. | [Stories]
pst.000063368413_0	-1.58937542546	1953	Pettit, Paul	The Spaniard.
mdp.39015010321076_1	-1.63871155899	1967	Davies, L. P. (Leslie Purnell)	Psychogeist | $c: [by] L. P. Davies.
uc1.$b401402_0	-0.145087856147	1964	Caidin, Martin	Marooned, | a novel.
pst.000044193720_2	-0.727653150326	1964	Ludwig, Richard M	9 short novels / | $c: edited by Richard M. Ludwig and Marvin B. Perry, Jr.
mdp.39015052398826	0.0167436324534	1964	Goldman, William	No way to treat a lady / | $c: by Harry Longbaugh.
uc1.$b302067	-0.600835521347	1942	Morton, H. V. (Henry Vollam)	I, James Blunt, | $c: by H.V. Morton.
uc1.$b115488_0	0.00545595742067	1966	Adams, Alice	Careless love | $c: [by] Alice Adams.
uc1.$b103191_1	-0.382016226564	1952	Montague, Kate Bigelow	Send the wise wind.
mdp.39015056814455_2	-0.253251382914	1955	nan	A decade of Fantasy and science fiction
uc1.b3295175_1	-0.481812747671	1951	Singh, Huthi	Maura / | $c: Huthi Singh ; with an introduction by E. M. Forster.
mdp.39015042474877_3	-0.732804478403	1966	Vance, Jack	The complete dying earth
inu.39000002826803_1	-0.233813928456	1952	Bleiler, Everett Franklin	Imagination unlimited, | science-fiction and science, | $c: edited by Everett F. Bleiler and T. E. Dikty.
mdp.49015001393561_0	0.0746789076245	1958	Silverberg, Robert	The collected stories of Robert Silverberg.
uc1.b3132896_1	-0.185185697898	1942	Speare, Morris Edmund	World's great short stories; | masterpieces of American, English and continental literature, | $c: edited, with an introduction, by M.E. Speare ...
mdp.39015020680917_1	0.107526001205	1963	Simak, Clifford D	Way station
mdp.49015000996430_0	-0.103653833436	1957	O'Connor, Frank	Domestic relations; | stories | $c: by Frank O'Connor.
uc1.32106015121020_2	0.0740953093685	1952	Sturgeon, Theodore	The complete stories of Theodore Sturgeon
uc1.32106009743425_1	0.494682117462	1949	Heinlein, Robert A. (Robert Anson)	Red planet
uc1.$b312841_0	-0.211026321632	1952	Willson, Meredith	Who did what to Fedalia?
uc1.b4095446_1	-0.247373769535	1956	Harris, John	Close to the wind.
mdp.49015001323824_2	-0.0209511254395	1950	Asimov, Isaac	The complete stories of Asimov
uc1.b4101908_0	0.0679899441138	1943	Estes, Eleanor	Rufus M.
mdp.39015029412296_0	0.248192498829	1969	nan	The best SF stories from New Worlds,#2.
pst.000021946516_2	-0.158006308312	1966	Dick, Philip K	We can remember it for you wholesale
mdp.39015035335044_1	0.619876425471	1966	Wheelis, Allen	The illusionless man; | fantasies and meditations.
uc1.$b322746_1	-0.289361649465	1952	Baker, George Edward	Son of Hylas.
mdp.39015002756883_0	0.0209325215403	1953	Saroyan, William	The laughing matter : | a novel / | $c: by William Saroyan.
mdp.39015013281632_1	0.318796097277	1953	Tracy, Don	Crimson is the Eastern Shore.
uc1.$b312841_1	0.000578984045361	1952	Willson, Meredith	Who did what to Fedalia?
mdp.49015000996430_1	0.209713161707	1957	O'Connor, Frank	Domestic relations; | stories | $c: by Frank O'Connor.
mdp.39015058806400_1	-0.151944241719	1954	Lugt, Arie van der	The crazy doctor / | $c: Arie van der Lugt ; translated from the Dutch by Alfred van Ameyden van Duym.
uc1.$b115488_1	0.180910986806	1966	Adams, Alice	Careless love | $c: [by] Alice Adams.
uc1.b3462074_0	0.323518065002	1956	Hunter, Evan	Second ending; | $c: a novel.
uc1.$b102273_1	-0.103643285839	1944	Gellhorn, Martha	Liana
uc1.b4363412_2	-0.653106704805	1969	Konwicki, Tadeusz	A dreambook for our time. | $c: Translated by David Welsh.
mdp.39015005753077_1	0.643860070763	1965	Amis, Kingsley	The Egyptologists; | a novel, | $c: by Kingsley Amis and Robert Conquest.
mdp.39015050556565_1	-0.856651935498	1965	Hersey, John	White lotus | $c: [by] John Hersey.
mdp.39015053575299_0	-0.312671167012	1965	Simenon, Georges	The little saint. | $c: Translated from the French by Bernard Frechtman.
mdp.39015016450234_0	0.650601948347	1965	Brunner, John	The squares of the city
mdp.39015016424205_1	-0.223600827107	1957	Mankowitz, Wolf	The Mendelman fire.
mdp.39015030846771_1	-0.157777452725	1969	Bowen, Elizabeth	Ann Lee's: | & other stories.
uc1.$b57115_0	-0.633820738244	1940	Noyes, Alfred	No other man
uc1.b3467600_1	-0.338018226702	1952	Tucker, Wilson	The long loud silence.
uc1.$b242576_0	0.298251544182	1957	Fane, Julian	Morning.
uc1.$b105503_1	-0.585822177786	1959	Slaughter, Frank G. (Frank Gill)	The thorn of Arimathea.
pst.000029279036_1	-0.352026037429	1941	nan	Three famous murder novels : | complete and unabridged / | $c: Selected, and with an introd. by Bennett A. Cerf.
mdp.49015001323824_1	0.73237619026	1950	Asimov, Isaac	The complete stories of Asimov
osu.32435053306007_0	0.643297895107	1963	Brown, Rosel George	A handful of time
